id,역 이름,호선,권역,메모
jongno3,종로3가역,1·3·5,도심,직장인 회식 많음
euljiro3,을지로3가역,2·3,도심,"노포·술집 골목, 회식·식사"
cityhall,시청역,1·2,도심,"업무지구, 환승 편리"
gwanghwamun,광화문역,5,도심,"업무지구, 회의·스터디 수요 (환승역 아님)"
sinyongsan,신용산역,4,도심,용산 회식 데이터 연결 (환승역 아님)
samgakji,삼각지역,4·6,도심,용산 회식 데이터 연결
yeouido,여의도역,5·9,서남,금융권 직장인 회식
yeongdeungpo,영등포역,1,서남,영등포·문래 상권을 하나로 통합 (환승역 아님)
sindorim,신도림역,1·2,서남,서남권 대표 환승역
sadang,사당역,2·4,서남,서남·경기 남부 접근 쉬움
hongdae,홍대입구역,2·공항·경의중앙,서북,"오락·카페 많음, 스터디 가능"
hapjeong,합정역,2·6,서북,카페·오락
sinchon,신촌역,2,서북,"대학가, 스터디·오락"
gangnam,강남역,2·신분당,동남,식사·회의·오락 모두 많음
yeoksam,역삼역,2,동남,직장인 회식
gyodae,교대역,2·3,동남,"환승역, 스터디 수요"
jamsil,잠실역,2·8,동남,"동남권 대표 환승역, 오락"
konkuk,건대입구역,2·7,동북,오락·카페
wangsimni,왕십리역,2·5·경의중앙·수인분당,동북,동북권 환승 거점
seongsu,성수역,2,동북,"카페 많음, 회의·스터디"
