역 id,모임 종류,가게 이름,지도 링크,한 줄 추천 이유,룸 여부,최대 인원,1인 예산,단체 예약 가능,좌석 규모,콘센트,조용함,영업 종료 시간,시설 종류,예약 필요 여부,역에서 도보(분)
jongno3,회식/식사,시민식당 본점,https://place.map.kakao.com/26199786,"돌판 삼겹살 노포, 단체 회식에 무난",,,,,,,,,,,3
jongno3,회식/식사,멍석집,https://place.map.kakao.com/16042375,숙성 돼지고기와 분위기 좋은 인테리어,,,,,,,,,,,2
jongno3,회식/식사,종로 은행나무집,https://place.map.kakao.com/1509569719,"오래된 직장인 고깃집, 깔끔한 신관",,,,,,,,,,,8
jongno3,오락/게임,플렉스 보드카페,https://place.map.kakao.com/1607280397,"역 바로 앞, 저렴하고 게임 종류가 많음",,,,,,,,,,,1
jongno3,오락/게임,레드버튼 종로점,https://place.map.kakao.com/2055835737,보드게임과 식사를 함께 해결 가능,,,,,,,,,,,8
jongno3,오락/게임,홈즈앤루팡 종로점,https://place.map.kakao.com/2046858106,"자정까지 영업, 익선동과 가까움",,,,,,,,,,,1
euljiro3,회식/식사,금돈옥 을지로점,https://place.map.kakao.com/537921553,반찬이 푸짐하고 고기를 직접 구워줌,,,,,,,,,,,1
euljiro3,회식/식사,발해감자탕 을지로본점,https://place.map.kakao.com/914223083,2층 구조로 넓어 단체석 확보가 쉬움,,,,,,,,,,,1
euljiro3,회식/식사,느루집 을지로점,https://place.map.kakao.com/36501518,치즈 닭갈비에 직접 조리 서비스,,,,,,,,,,,5
euljiro3,회의/스터디,프레쉬 스터디카페,https://place.map.kakao.com/1405972272,"24시간 운영, 룸 대여 가능하고 조용함",,,,,,,,,,,12
euljiro3,회의/스터디,우모 을지로,https://place.map.kakao.com/1316834344,"공유오피스, 업무 미팅·작업용으로 적합",,,,,,,,,,,3
euljiro3,회의/스터디,스터디룸 인(IN),https://place.map.kakao.com/27367261,"화이트보드·TV 완비, 연장 이용이 쉬움",,,,,,,,,,,14
gwanghwamun,회식/식사,무탄 광화문점,https://place.map.kakao.com/1222388584,"트러플 짜장 유명, 비즈니스 식사에 적합",,,,,,,,,,,8
gwanghwamun,회식/식사,일품진진수라 광화문점,https://place.map.kakao.com/967729291,"한정식 코스, 단체 룸이 많음",,,,,,,,,,,9
gwanghwamun,회식/식사,광화문고기집,https://place.map.kakao.com/1870342026,세종문화회관 뒤 가성비 돼지고기,,,,,,,,,,,4
gwanghwamun,회의/스터디,토즈 광화문센터,https://place.map.kakao.com/27411968,"회의실 대여 전문, 음료가 다양함",,,,,,,,,,,4
gwanghwamun,회의/스터디,HJ 비즈니스센터 광화문,https://place.map.kakao.com/1741099751,세미나급 회의에 적합한 최신 장비,,,,,,,,,,,3
gwanghwamun,회의/스터디,카페 게더,https://place.map.kakao.com/581246274,"조용한 카페, 소규모 미팅용 (19시 마감)",,,,,,,,,,,8
hongdae,회식/식사,육지 홍대,https://place.map.kakao.com/931881312,숙성 돼지 숯불구이를 직원이 구워줌,,,,,,,,,,,17
hongdae,회식/식사,고기꾼 김춘배,https://place.map.kakao.com/27197478,한우 구이와 하이볼 조합이 인기,,,,,,,,,,,8
hongdae,회식/식사,청돈옥,https://place.map.kakao.com/627246796,"세트 구성 가성비, 번화가보다 조용함",,,,,,,,,,,12
hongdae,회의/스터디,토즈 모임센터 홍대점,https://place.map.kakao.com/1585571653,10명 내외 모임에 딱 맞는 크기,,,,,,,,,,,7
hongdae,회의/스터디,홍대 셀스스터디룸,https://place.map.kakao.com/333778069,"24시간, 방음 좋고 프린터 있음",,,,,,,,,,,3
hongdae,회의/스터디,홍대 팀플레이스,https://place.map.kakao.com/26325149,"24시간, 무료 차 제공, 팀플에 적합",,,,,,,,,,,6
hongdae,오락/게임,큐브이스케이프 홍대점,https://place.map.kakao.com/27413260,테마가 다양해 입문자도 즐기기 좋음,,,,,,,,,,,8
hongdae,오락/게임,브레이크아웃 이스케이프 홍대,https://place.map.kakao.com/451924760,독특한 퍼즐 구성으로 평이 좋음,,,,,,,,,,,9
hongdae,오락/게임,히어로보드게임카페 홍대1호점,https://place.map.kakao.com/13623634,룸형 좌석에 오락기·당구까지 무료,,,,,,,,,,,10
sinchon,회식/식사,고삼이,https://place.map.kakao.com/17505297,고등어구이·오징어볶음 노포 (저녁 일찍 마감),,,,,,,,,,,8
sinchon,회식/식사,미도인 신촌점,https://place.map.kakao.com/594421253,"깔끔한 덮밥, 차분한 분위기",,,,,,,,,,,7
sinchon,회식/식사,신촌칼,https://place.map.kakao.com/27389671,스테이크·파스타를 합리적인 가격에 (월 휴무),,,,,,,,,,,7
sinchon,회의/스터디,신촌채움모임공간,https://place.map.kakao.com/1009824426,"30인 회의실, 프로젝터 있음",,,,,,,,,,,8
sinchon,회의/스터디,신촌 스터디룸 꿈틀,https://place.map.kakao.com/1375769783,"24시간, 학생 할인, 방 크기 선택 가능",,,,,,,,,,,5
sinchon,회의/스터디,미플,https://place.map.kakao.com/16622378,"대형 강의실 대여, 역에서 가까움",,,,,,,,,,,2
sinchon,오락/게임,레드버튼 신촌점,https://place.map.kakao.com/1520672825,룸이 많고 게임 설명 태블릿 제공,,,,,,,,,,,2
sinchon,오락/게임,히어로보드게임카페 신촌점,https://place.map.kakao.com/1968719466,보드게임에 당구·다트·노래방까지,,,,,,,,,,,6
sinchon,오락/게임,스카이락 볼링장,https://place.map.kakao.com/1442021491,새벽 3시까지 볼링을 즐길 수 있음,,,,,,,,,,,5
seongsu,회식/식사,대성집,https://place.map.kakao.com/707989568,버섯주물럭 주문 시 파전·묵사발 서비스,,,,,,,,,,,4
seongsu,회식/식사,문화식당 성수점,https://place.map.kakao.com/1452193831,"삼합 파스타, 분위기 좋은 식사",,,,,,,,,,,5
seongsu,회식/식사,성수다락,https://place.map.kakao.com/2092039626,"옥수수 뇨끼 유명, 양이 넉넉함 (대기 있음)",,,,,,,,,,,11
seongsu,회의/스터디,스파크플러스 성수점,https://place.map.kakao.com/1944514081,"공유오피스 회의실, 넓은 라운지",,,,,,,,,,,8
seongsu,회의/스터디,더스페이스 성수점,https://place.map.kakao.com/395662687,저렴한 회의실 대여 (주말 휴무),,,,,,,,,,,5
seongsu,회의/스터디,성수지앵 서울숲점,https://place.map.kakao.com/256970182,"23시까지, 조용한 코워킹 카페",,,,,,,,,,,19
wangsimni,회식/식사,땅코참숯구이 본점,https://place.map.kakao.com/487116221,숯불에 구워 먹는 고기 메뉴로 여러 명이 함께하기 좋은 왕십리 대표 회식 장소,,,,,,,,,,,6
wangsimni,회식/식사,악어떡볶이,https://place.map.kakao.com/11101743,한양대 인근에서 간단하고 부담 없이 즐기기 좋은 분식 메뉴로 모임에 적합,,,,,,,,,,,4
wangsimni,회식/식사,히토리우동,https://place.map.kakao.com/25490786,깔끔한 우동과 덮밥 메뉴가 있어 소규모 식사나 가벼운 모임에 추천,,,,,,,,,,,5
wangsimni,회의/스터디,초심 한양대점,https://place.map.kakao.com/1105154860,한양대 인근에서 접근성이 좋고 집중해서 공부하거나 모임을 진행하기 좋은 공간,,,,,,,,,,,5
wangsimni,회의/스터디,위넌 스터디카페 한양대점,https://place.map.kakao.com/634216076,한양대 주변에서 조용한 환경으로 스터디나 개인 학습을 진행하기 좋은 공간,,,,,,,,,,,5
wangsimni,회의/스터디,스터디룸모임공간 온유,https://place.map.kakao.com/392448468,여러 명이 함께 모여 회의·스터디를 진행할 수 있는 독립적인 공간이라 모임에 적합,,,,,,,,,,,2
gyodae,회의/스터디,카공족 교대역1호점,https://place.map.kakao.com/1823649416,교대역 인근에서 편하게 공부하거나 노트북을 활용한 작업을 하기 좋은 공간,,,,,,,,,,,3
gyodae,회의/스터디,플랜에이스터디카페 서초교대센터,https://place.map.kakao.com/118519786,조용하고 집중하기 좋은 스터디카페로 시험 준비나 장시간 학습에 추천,,,,,,,,,,,2
gyodae,회의/스터디,크란츠스터디카페 서울교대점,https://place.map.kakao.com/1004839725,교대역·서울교대 인근에서 접근하기 좋고 집중도 높은 학습 공간으로 활용 가능,,,,,,,,,,,2
yeoksam,회식/식사,선덕칼국수 본점,https://place.map.kakao.com/1620142397,따뜻한 칼국수 메뉴를 중심으로 부담 없이 여러 명이 함께 식사하기 좋은 곳,,,,,,,,,,,6
yeoksam,회식/식사,이도곰탕 본점,https://place.map.kakao.com/14569639,깔끔하고 든든한 곰탕 메뉴로 직장인 식사나 차분한 모임에 적합,,,,,,,,,,,7
yeoksam,회식/식사,고우가 역삼역점,https://place.map.kakao.com/1050527540,깔끔한 분위기에서 한식 중심의 식사를 즐길 수 있어 격식 있는 모임에도 추천,,,,,,,,,,,2
yeoksam,회의/스터디,토즈모임센터 역삼점,https://place.map.kakao.com/1075937756,모임 목적에 맞는 회의 공간을 활용할 수 있어 스터디·회의·팀 모임에 적합,,,,,,,,,,,6
yeoksam,회의/스터디,위워크 역삼역2호점,https://place.map.kakao.com/912840324,역삼역 인근의 업무 공간으로 회의나 팀 단위 작업을 진행하기 편리,,,,,,,,,,,3
yeoksam,회의/스터디,슈가맨워크 서울역삼역점,https://place.map.kakao.com/1279587999,역삼역 주변에서 회의와 업무를 함께 진행할 수 있는 공간으로 활용도가 높음,,,,,,,,,,,9
gangnam,회식/식사,땀땀 본점,https://place.map.kakao.com/1238400864,이색적인 베트남 음식과 강한 맛을 즐길 수 있어 친목 식사 장소로 추천,,,,,,,,,,,5
gangnam,회식/식사,일편등심 강남,https://place.map.kakao.com/785573131,소고기를 중심으로 식사할 수 있어 여러 명이 함께하는 회식 장소로 적합,,,,,,,,,,,3
gangnam,회식/식사,알부자 강남본점,https://place.map.kakao.com/11463001,알과 곤이를 활용한 메뉴를 즐길 수 있어 색다른 메뉴의 회식 장소로 추천,,,,,,,,,,,5
gangnam,회의/스터디,토즈모임센터 강남역토즈타워점,https://place.map.kakao.com/17206019,강남역에서 접근성이 좋고 목적에 맞는 모임 공간을 이용할 수 있어 스터디·회의에 적합,,,,,,,,,,,6
gangnam,회의/스터디,토즈모임센터 강남역컨퍼런스점,https://place.map.kakao.com/759710306,강남역 중심에서 회의나 단체 스터디를 진행하기 좋은 모임 공간,,,,,,,,,,,7
gangnam,회의/스터디,스파크플러스 강남4호점,https://place.map.kakao.com/1907514048,업무·회의에 적합한 공유오피스 공간으로 팀 단위 작업이나 미팅에 추천,,,,,,,,,,,5
gangnam,오락/게임,닥터브이 노래연습장 강남역점,https://place.map.kakao.com/1943494660,강남역에서 접근하기 편하고 식사 후 단체로 즐기기 좋은 노래방,,,,,,,,,,,7
gangnam,오락/게임,메이플아지트,https://place.map.kakao.com/58490132,메이플스토리를 테마로 한 공간에서 색다른 게임·문화 체험을 즐길 수 있음,,,,,,,,,,,1
gangnam,오락/게임,노블레스볼링장,https://place.map.kakao.com/1998015020,여러 명이 함께 게임을 즐길 수 있어 회식 후 친목 활동으로 활용하기 좋음,,,,,,,,,,,12
yeouido,회식/식사,가양칼국수,https://place.map.kakao.com/20746242,칼국수와 샤브샤브를 함께 즐길 수 있어 여러 명이 둘러앉아 식사하기 좋은 곳,,,,,,,,,,,18
yeouido,회식/식사,화목순대국,https://place.map.kakao.com/21423297,여의도 직장인들에게 잘 알려진 순대국집으로 든든하고 부담 없는 식사에 추천,,,,,,,,,,,17
yeouido,회식/식사,별미볶음점 2호점,https://place.map.kakao.com/17515320,볶음 요리를 중심으로 푸짐하게 식사할 수 있어 편한 분위기의 모임에 적합,,,,,,,,,,,6
yeouido,오락/게임,퍼스트비앤피 볼링센터 여의도점,https://place.map.kakao.com/207908644,여의도에서 단체로 볼링을 즐길 수 있어 식사 후 친목 활동으로 추천,,,,,,,,,,,23
yeouido,오락/게임,옵티멈존PC카페 여의도점,https://place.map.kakao.com/1960623563,여러 명이 함께 게임을 즐기며 편하게 시간을 보내기 좋은 PC방,,,,,,,,,,,14
yeouido,오락/게임,서울달,https://place.map.kakao.com/273193967,여의도 도심과 한강을 색다른 시각에서 즐길 수 있어 단체 친목 활동으로 추천,,,,,,,,,,,13
sinyongsan,회식/식사,능동미나리 신용산점,https://place.map.kakao.com/596181447,미나리를 활용한 고기 요리를 함께 즐길 수 있어 단체 회식 장소로 추천,,,,,,,,,,,4
sinyongsan,회식/식사,주도락 신용산본점,https://place.map.kakao.com/1087174055,다양한 안주와 술을 함께 즐기기 좋아 저녁 친목 모임이나 회식에 적합,,,,,,,,,,,6
sinyongsan,회식/식사,더백테라스 신용산점,https://place.map.kakao.com/229094588?openhour=1,테라스 분위기에서 식사와 함께 여유롭게 모임을 즐기기 좋은 장소,,,,,,,,,,,4
sinyongsan,회의/스터디,패스트파이브 용산점,https://place.map.kakao.com/134870958,용산역 인근의 공유오피스로 회의·업무·스터디 등 다양한 목적으로 활용 가능,,,,,,,,,,,5
sinyongsan,회의/스터디,리얼컨퍼런스,https://place.map.kakao.com/1997293348,회의와 모임에 특화된 공간으로 단체 회의나 스터디를 진행하기 좋음,,,,,,,,,,,7
sinyongsan,회의/스터디,공간너섬 회의실 스터디룸 용산역점,https://place.map.kakao.com/827149584,용산역에서 접근하기 좋고 독립된 회의·스터디 공간을 이용할 수 있어 모임에 적합,,,,,,,,,,,4
sinyongsan,오락/게임,미미코인노래연습장,https://place.map.kakao.com/1959241647,원하는 곡을 자유롭게 즐길 수 있어 소규모 친목 활동이나 회식 후 방문에 추천,,,,,,,,,,,10
sinyongsan,오락/게임,짱오락실 용산아이파크몰점,https://place.map.kakao.com/966235661,용산 아이파크몰에서 식사·쇼핑과 함께 다양한 오락을 즐길 수 있어 접근성이 좋음,,,,,,,,,,,5
sinyongsan,오락/게임,히어로보드게임카페 용산점,https://place.map.kakao.com/858001955,여러 명이 함께 다양한 보드게임을 즐길 수 있어 친목 모임이나 뒤풀이에 추천,,,,,,,,,,,4
cityhall,회식/식사,한가람 본점,https://place.map.kakao.com/13057594,다양한 한식 메뉴를 즐길 수 있어 편안한 분위기의 단체 식사 장소로 추천,,,,,,,,,,,7
cityhall,회식/식사,숭례도담,https://place.map.kakao.com/104412096,숭례문 인근에서 한식 메뉴를 중심으로 식사하기 좋아 직장인 모임에 적합,,,,,,,,,,,3
cityhall,회식/식사,복운각,https://place.map.kakao.com/2084736083,중식 메뉴를 여럿이 함께 나눠 먹기 좋아 단체 식사나 회식 장소로 추천,,,,,,,,,,,2
samgakji,회식/식사,몽탄,https://place.map.kakao.com/220597413,짚불로 초벌한 우대갈비가 대표인 고깃집,,,,,,,,,,,3
samgakji,회식/식사,봉산집,https://place.map.kakao.com/10469584,60년 넘은 차돌박이 전문 노포,,,,,,,,,,,2
samgakji,회식/식사,삼각정,https://place.map.kakao.com/7917849,항정살(모소리살)로 유명한 노포 고깃집,,,,,,,,,,,2
samgakji,오락/게임,뉴청룡볼링장,https://place.map.kakao.com/9734756,볼링으로 팀 대결하기 좋은 볼링장,,,,,,,,,,,9
samgakji,오락/게임,히어로보드게임카페 용산점,https://place.map.kakao.com/858001955,보드게임을 골라 함께 즐기는 보드게임카페,,,,,,,,,,,5
samgakji,오락/게임,패스비 엑시트6 제너럴스토어,https://place.map.kakao.com/1160853820,삼각지역 근처에서 함께 즐기기 좋은 놀거리,,,,,,,,,,,1
yeongdeungpo,회식/식사,부일숯불갈비,https://place.map.kakao.com/12004662,껍데기 서비스가 나오는 돼지갈비 노포,,,,,,,,,,,6
yeongdeungpo,회식/식사,동래정 본점,https://place.map.kakao.com/40064675,"가브리살이 인기인 고깃집, 직접 구워줘서 편함",,,,,,,,,,,30
yeongdeungpo,회식/식사,그대와 고기다,https://place.map.kakao.com/143145397,갈비살·안창살이 인기인 직장인 단골 고깃집,,,,,,,,,,,18
yeongdeungpo,오락/게임,지투존 영등포점,https://place.map.kakao.com/165864242,리듬게임부터 노래방 부스까지 갖춘 대형 오락실,,,,,,,,,,,5
yeongdeungpo,오락/게임,코오롱스포렉스 볼링장 타임스퀘어점,https://place.map.kakao.com/11412594,타임스퀘어 안에서 즐기는 볼링장,,,,,,,,,,,7
yeongdeungpo,오락/게임,영등포 타임스퀘어 액션,https://place.map.kakao.com/22838982,타임스퀘어 안에 있는 오락실,,,,,,,,,,,8
sindorim,오락/게임,롯데시네마 신도림,https://place.map.kakao.com/21581716,"디큐브시티 7층 영화관, 작은 오락실도 함께 있음",,,,,,,,,,,3
sindorim,오락/게임,씨네Q 신도림,https://place.map.kakao.com/626866180,"신도림역과 연결된 건물, 영화와 오락실을 함께 즐김",,,,,,,,,,,3
sindorim,오락/게임,히어로보드게임카페 신도림점,https://place.map.kakao.com/347246085,보드게임을 골라 함께 즐기는 보드게임카페,,,,,,,,,,,5
sadang,회식/식사,속초어시장 방배점,https://place.map.kakao.com/519979180,해산물 요리를 함께 먹기 좋은 사당역 인근 식당,,,,,,,,,,,3
sadang,회식/식사,전주전집,https://place.map.kakao.com/8078768,막걸리와 모듬전을 즐기는 단체석 노포,,,,,,,,,,,5
sadang,회식/식사,제일식당,https://place.map.kakao.com/16907429,8명 이상이면 남도식 한상차림을 내주는 식당,,,,,,,,,,,4
sadang,오락/게임,슈퍼스타 코인노래연습장 사당역점,https://place.map.kakao.com/2049051101,사당역 13번 출구 바로 앞 코인노래방,,,,,,,,,,,2
sadang,오락/게임,스매싱볼 사당점,https://place.map.kakao.com/925703846,사당역 근처에서 함께 즐기기 좋은 체험형 놀거리,,,,,,,,,,,2
sadang,오락/게임,깨비깨비인형뽑기,https://place.map.kakao.com/680203208,인형뽑기를 가볍게 즐기는 곳,,,,,,,,,,,4
hapjeong,회식/식사,국제양식,https://place.map.kakao.com/1382550324,"직원이 구워주는 양갈비집, 합정역 도보 4분",,,,,,,,,,,6
hapjeong,회식/식사,스케줄 합정,https://place.map.kakao.com/196078294,"예약 가능한 양식당, 모임에 무난",,,,,,,,,,,3
hapjeong,회식/식사,합정 포차포차,https://place.map.kakao.com/19033666,"합정역 8번 출구 앞 실내포차, 새벽까지 영업",,,,,,,,,,,1
hapjeong,회의/스터디,카공족 합정역점,https://place.map.kakao.com/1192144433,합정역 근처에서 공부·작업하기 좋은 공간,,,,,,,,,,,2
hapjeong,회의/스터디,지니24스터디카페 합정역점,https://place.map.kakao.com/1879919985,합정역 근처 스터디카페,,,,,,,,,,,2
hapjeong,회의/스터디,하품,https://place.map.kakao.com/1558145150,합정역 근처에서 회의·스터디 하기 좋은 곳,,,,,,,,,,,5
hapjeong,오락/게임,W락볼링센터,https://place.map.kakao.com/1277862647,볼링으로 팀 대결하기 좋은 볼링장,,,,,,,,,,,7
hapjeong,오락/게임,점핑배틀 홍대점,https://place.map.kakao.com/1901842937,친구들과 함께 즐기는 체험형 게임 공간,,,,,,,,,,,11
hapjeong,오락/게임,짱오락실 홍대점,https://place.map.kakao.com/1081289191,늦게까지 영업하는 3층 규모 오락실,,,,,,,,,,,11
jamsil,회식/식사,연탄부락 잠실새내점,https://place.map.kakao.com/2020430696,연탄불 고기로 회식하기 좋은 잠실새내 고깃집,,,,,,,,,,,29
jamsil,회식/식사,편백집 잠실롯데월드몰점,https://place.map.kakao.com/1121088912,소고기 편백찜을 세트로 먹는 롯데월드몰 식당,,,,,,,,,,,4
jamsil,회식/식사,화반 방이점,https://place.map.kakao.com/374002462,방이동 쪽에서 식사 모임하기 좋은 식당,,,,,,,,,,,10
jamsil,오락/게임,잠실 뿅뿅오락실,https://place.map.kakao.com/1863696880,리듬게임·철권·마리오카트가 있는 2층 오락실,,,,,,,,,,,24
jamsil,오락/게임,롯데월드 어드벤처,https://place.map.kakao.com/27560699,놀이기구와 오락실을 함께 즐기는 놀이공원,,,,,,,,,,,4
jamsil,오락/게임,레전드스포츠히어로즈 잠실롯데월드몰점,https://place.map.kakao.com/822886404,롯데월드몰 안에서 스포츠 게임을 즐기는 곳,,,,,,,,,,,4
konkuk,회식/식사,화기애애 본점,https://place.map.kakao.com/22651193,가성비 좋은 건대 먹자골목 고깃집,,,,,,,,,,,4
konkuk,회식/식사,훈춘양꼬치 1호점,https://place.map.kakao.com/27594064,양꼬치를 함께 구워 먹기 좋은 곳,,,,,,,,,,,4
konkuk,회식/식사,고기굽는놈 건대본점,https://place.map.kakao.com/24206169,건대에서 고기 구워 먹는 회식 장소,,,,,,,,,,,3
konkuk,오락/게임,펀시티 건대점,https://place.map.kakao.com/881876506,룸형 노래방과 마리오카트·다트가 있는 대형 오락실,,,,,,,,,,,3
konkuk,오락/게임,롯데시네마 건대입구,https://place.map.kakao.com/21304567,영화와 오락실을 함께 즐기는 스타시티몰 영화관,,,,,,,,,,,5
konkuk,오락/게임,점핑배틀 건대점,https://place.map.kakao.com/868494224,친구들과 함께 즐기는 체험형 게임 공간,,,,,,,,,,,5
seoulstation,회식/식사,서울로인 서울스퀘어점,https://place.map.kakao.com/806395417,"한우 코스와 룸 완비, 접대·격식 있는 회식",,,,,,,,,,,2
seoulstation,회식/식사,일상정원 서울역점,https://place.map.kakao.com/250218400,"역사 내 샤브샤브, 짐 있어도 편한 위치",,,,,,,,,,,1
seoulstation,회식/식사,풍년옥,https://place.map.kakao.com/9522299,"설렁탕·도가니탕 노포, 50석 넓은 홀",,,,,,,,,,,2
seoulstation,회의/스터디,비앤디파트너스 서울역점,https://place.map.kakao.com/121861326,"지하철 직결 회의실, 대형 강당도 있음",,,,,,,,,,,2
seoulstation,회의/스터디,서울비즈센터 서울역,https://place.map.kakao.com/1315943422,"14번 출구 바로 앞, 장비 대여 완비",,,,,,,,,,,3
seoulstation,회의/스터디,스페이스쉐어 서울역센터,https://place.map.kakao.com/1712142333,"강의실 여러 개, 세미나·교육용",,,,,,,,,,,2
seoulstation,오락/게임,서울로 7017,https://place.map.kakao.com/27327842,서울도심 한복판에 형성된 공원,,,,,,,,,,,10
seoulstation,오락/게임,히어로보드게임카페 숙명여대점,https://place.map.kakao.com/172734414,"룸형 보드게임카페, 숙대입구 쪽",,,,,,,,,,,20
seoulstation,오락/게임,엘씨아이볼링장,https://map.kakao.com/link/search/%EC%97%98%EC%94%A8%EC%95%84%EC%9D%B4%EB%B3%BC%EB%A7%81%EC%9E%A5%20%EB%82%A8%EC%82%B0%EB%8F%99,"명동·회현 근처 볼링장, 4호선 2정거장",,,,,,,,,,,21
sillim,회식/식사,신림화로,https://place.map.kakao.com/223857470,"참숯 초벌 삼겹살, 깔끔한 회식 장소",,,,,,,,,,,12
sillim,회식/식사,상록회관연탄구이 신림역점,https://place.map.kakao.com/922459542,"한 근 세트 가성비, 연탄 직화 노포 감성",,,,,,,,,,,4
sillim,회식/식사,돼봉삼겹살 신림점,https://place.map.kakao.com/92761504,"새벽 5시까지 영업, 2차까지 한 번에",,,,,,,,,,,2
sillim,회의/스터디,스페이스액트,https://place.map.kakao.com/1605144043,"12층 전망, 넓은 스터디룸과 24시간 운영",,,,,,,,,,,4
sillim,회의/스터디,랑스터디카페 신림점,https://place.map.kakao.com/1865958474,"카페형 분위기, 스터디룸 예약 가능",,,,,,,,,,,6
sillim,회의/스터디,신림다락,https://place.map.kakao.com/2012984540,"넓은 지하 라운지와 회의실, 음료 저렴",,,,,,,,,,,34
sillim,오락/게임,레드버튼 신림점,https://place.map.kakao.com/1578764944,"룸형 보드게임카페, 게임 종류 많음",,,,,,,,,,,2
sillim,오락/게임,넥스트에디션 신림점,https://place.map.kakao.com/1224056973,"역 근처 방탈출, 테마 완성도 높음",,,,,,,,,,,2
sillim,오락/게임,플레이온 보드게임카페,https://place.map.kakao.com/699361037,"새벽까지 영업, 단체석 넓음",,,,,,,,,,,3
gongdeok,회식/식사,옥소반 공덕역점,https://place.map.kakao.com/747532866,"샤브샤브, 채소 무한 리필로 단체 식사 편함",,,,,,,,,,,1
gongdeok,회식/식사,너울 공덕점,https://place.map.kakao.com/485077788,"숙성회 전문, 역 바로 앞, 예약 권장",,,,,,,,,,,2
gongdeok,회식/식사,고반식당블랙,https://place.map.kakao.com/1163337009,한우 숯불구이를 직원이 구워줌,,,,,,,,,,,9
gongdeok,회의/스터디,헤이실,https://place.map.kakao.com/1333783186,"신축 회의실, 대형 TV로 자료 공유 편함",,,,,,,,,,,14
gongdeok,회의/스터디,런치스페이스,https://place.map.kakao.com/1500563096,조용하고 깔끔한 회의 공간,,,,,,,,,,,6
gongdeok,회의/스터디,토즈스터디센터 공덕,https://place.map.kakao.com/41323008,"강의·스터디용 룸, 브랜드 안정감",,,,,,,,,,,9
dmc,회식/식사,상암 일미락,https://place.map.kakao.com/26563357,"브레이크타임 없음, 숙성 목살 맛집",,,,,,,,,,,3
dmc,회식/식사,옥된장 상암점,https://place.map.kakao.com/681229214,"수육전골 인기, 단체 룸 있음",,,,,,,,,,,6
dmc,회의/스터디,드림큐브,https://place.map.kakao.com/1334527613,"KGIT센터 16층, 회의실·좌식룸 선택 가능",,,,,,,,,,,18
dmc,회의/스터디,지니24스터디카페 상암,https://place.map.kakao.com/2008652670,"대로변 위치, 개인 작업용",,,,,,,,,,,8
dmc,회의/스터디,라운지엑스24h 상암DMC역점,https://place.map.kakao.com/1607341782,"역 앞 24시간 카페, 짧은 미팅용",,,,,,,,,,,2
dmc,오락/게임,게임파티룸 다락,https://place.map.kakao.com/376847903,"PC·플스·빔프로젝터가 있는 공간을 통째로 빌리는 게임 파티룸 (예약제, 24시간)",,,,,,,,,,,6
dmc,오락/게임,프라이빗 영화관 파티룸 정감,https://place.map.kakao.com/122243940,"최대 15명, 큰 스크린과 보드게임이 있는 영화관 파티룸 (예약제, 24시간)",,,,,,,,,,,6
dmc,오락/게임,DMC노래연습장,https://place.map.kakao.com/16050906,"역 9번 출구 쪽 먹자골목 노래방, 예약 없이 단체로 가기 좋음",,,,,,,,,,,7
gosokterminal,회식/식사,오유월식당 본점,https://place.map.kakao.com/1240728565,"소고기·오겹살 구이, 곁들이 반찬 궁합 좋음",,,,,,,,,,,1
gosokterminal,회식/식사,순대실록 센트럴시티점,https://place.map.kakao.com/367246050,"터미널 안 순대국밥, 빠른 식사",,,,,,,,,,,3
gosokterminal,회식/식사,포석정,https://place.map.kakao.com/10886253,"대형 홀과 야외석, 단체 회식 가능",,,,,,,,,,,3
gosokterminal,회의/스터디,커피랑도서관 반포점,https://place.map.kakao.com/1962820902,"4·6인 스터디룸, 음료 무료 리필",,,,,,,,,,,10
gosokterminal,회의/스터디,르호봇 강남고속터미널,https://place.map.kakao.com/2121711264,터미널 본관 내 공유오피스 회의실,,,,,,,,,,,3
gosokterminal,회의/스터디,비에이블스터디카페,https://place.map.kakao.com/870256329,터미널 주변에서 스터디 하기 좋은 장소,,,,,,,,,,,6
